"Geographic name","Incompletely enumerated Indian reserves and Indian settlements","Population","Total private dwellings","Private dwellings occupied by usual residents"
Canada,T,31612897,13576855,12435520
A0A,,46648,23052,17994
A0B,,22099,12284,8799
A0C,,13767,7788,5598
A0E,,24400,12735,9575
A0G,,37991,20088,14939
A0H,,19537,9991,7543
A0J,,8146,4515,3255
A0K,,30274,15193,11527
A0L,,7479,3385,2876
A0M,,6800,3380,2796
A0N,,15448,7863,6332
A0P,,12296,4808,4003
A0R,,2428,1184,928
A1A,,27064,11457,10659
A1B,,16268,8012,6923
A1C,,13545,7084,6334
A1E,,28954,13157,12239
A1G,,5058,2100,1982
A1H,,1460,548,524
A1K,,9744,3550,3408
A1L,,12641,4750,4508
A1M,,6562,2448,2343
A1N,,24807,9708,9243
A1S,,6435,2272,2192
A1V,,9934,4190,3879
A1W,,10079,3717,3569
A1X,,11779,4493,4293
A1Y,,5312,2268,2033
A2A,,8855,3783,3542
A2B,,4888,1955,1847
A2H,,25246,10854,10006
A2N,,8591,3854,3525
A2V,,7232,2961,2782
A5A,,7174,3422,2796
A8A,,6528,3109,2453
B0C,,3135,1695,1253
B0E,,27973,14526,11214
B0H,,10994,5722,4395
B0J,,42621,23065,17956
B0K,,38322,19693,15762
B0L,,2676,1715,1137
B0M,,18192,9837,7627
B0N,,39763,17622,15754
B0P,,40521,17569,15862
B0R,,6303,3772,2690
B0S,,18223,9679,7916
B0T,,16159,8774,6817
B0V,,6244,3293,2726
B0W,,32905,15981,13385
B1A,,17063,7386,7002
B1B,,1448,634,590
B1C,,1986,942,823
B1E,,1667,708,672
B1G,,2162,914,881
B1H,,10729,4548,4360
B1J,,1167,801,522
B1K,,3307,2082,1375
B1L,,4982,1901,1842
B1M,,1255,468,455
B1N,,6210,2675,2534
B1P,,15636,7401,6962
B1R,,4323,1731,1696
B1S,,8460,3638,3470
B1T,,409,450,186
B1V,,6782,2815,2719
B1W,,2952,857,834
B1X,,912,621,379
B1Y,,6708,2836,2617
B2A,,8770,3725,3600
B2C,,346,322,143
B2E,,33,112,20
B2G,,13752,6803,5387
B2H,,15104,6893,6470
B2J,,128,160,59
B2N,,32196,14172,13531
B2R,,2326,894,877
B2S,,7065,2585,2510
B2T,,14215,5181,4972
B2V,,13066,4560,4491
B2W,,29676,11499,11204
B2X,,12048,4846,4608
B2Y,,14715,7452,7016
B2Z,,8162,2996,2902
B3A,,20272,11507,10347
B3B,,792,431,287
B3E,,6484,2513,2410
B3G,,10070,3748,3641
B3H,,18278,10762,9030
B3J,,5196,3922,3133
B3K,,19630,10507,9647
B3L,,17491,8782,8212
B3M,,26460,13408,12484
B3N,,12219,6109,5725
B3P,,8469,3854,3619
B3R,,8133,3829,3499
B3S,,8808,4020,3827
B3T,,15881,5945,5761
B3V,,5841,2241,2155
B3Z,,14880,5761,5424
B4A,,15976,6561,6258
B4B,,8776,3042,2960
B4C,,19166,7090,6941
B4E,,16118,5978,5816
B4G,,3849,1357,1322
B4H,,13732,6876,5834
B4N,,16910,7499,7165
B4P,,7587,3976,3191
B4R,,2868,1114,1050
B4V,,17432,8080,7378
B5A,,13353,6057,5557
B9A,,5000,2161,1953
C0A,,43172,20455,16219
C0B,,29874,14177,11205
C1A,,28747,13715,12409
C1B,,7051,2885,2624
C1C,,2123,940,873
C1E,,8801,3508,3181
C1N,,16083,7073,6573
E1A,,34082,14881,13758
E1B,,17819,7114,6888
E1C,,24525,12627,11409
E1E,,10099,4712,4467
E1G,,16311,6079,5888
E1H,,6975,2917,2800
E1J,,3237,1267,1215
E1N,,11762,5260,4647
E1V,,14039,6085,5696
E1W,,7129,3415,3058
E1X,,13465,5806,5262
E2A,,18444,8784,7820
E2E,,17266,6397,6146
E2G,,4264,1525,1486
E2H,,4911,1983,1879
E2J,,15254,7185,6631
E2K,,17404,8430,7593
E2L,,7937,4818,4088
E2M,,19403,8467,7966
E2N,,4073,1561,1497
E2P,,1477,590,563
E2R,,33,16,16
E2S,,6812,2524,2384
E2V,,13713,5418,4928
E3A,,32049,13648,12797
E3B,,32344,16118,14289
E3C,,10201,3771,3668
E3E,,3997,1460,1413
E3L,,9276,4146,3806
E3N,,14769,6694,6135
E3V,,11728,5766,5377
E3Y,,7718,3122,2938
E3Z,,4401,1868,1789
E4A,,3303,1913,1506
E4B,,4747,2595,2024
E4C,,2533,2031,1098
E4E,,8997,4117,3728
E4G,,2707,1081,984
E4H,,4464,2073,1804
E4J,,4543,1935,1808
E4K,,6231,2454,2267
E4L,,7080,3348,2904
E4M,,2043,1640,853
E4N,,3893,1720,1504
E4P,,13301,6704,5378
E4R,,6204,3804,2591
E4S,,7147,3569,2903
E4T,,2334,1379,970
E4V,,4192,1814,1639
E4W,,8296,3997,3450
E4X,,3238,1363,1270
E4Y,,3339,1501,1386
E4Z,,5870,2843,2353
E5A,,1914,958,769
E5B,,3036,1698,1317
E5C,,4100,2078,1686
E5E,,1056,632,422
E5G,,2650,1405,1125
E5H,,3029,1322,1221
E5J,,2098,1121,875
E5K,,7163,2811,2634
E5L,,3104,1319,1202
E5M,,2079,989,820
E5N,,11120,4510,4064
E5P,,2571,1044,965
E5R,,1582,757,612
E5S,,1865,974,763
E5T,,3081,1860,1195
E5V,,824,499,373
E6A,,1341,617,535
E6B,,1755,792,680
E6C,,2073,874,807
E6E,,1557,729,604
E6G,,2666,1374,1096
E6H,,1254,854,508
E6J,,1469,688,619
E6K,,3513,1904,1417
E6L,,4758,1950,1817
E7A,,3957,2116,1653
E7B,,5986,2663,2377
E7C,,5510,2523,2262
E7E,,4685,1994,1849
E7G,,4443,2255,1779
E7H,,6013,2764,2502
E7J,,2290,937,889
E7K,,2683,1088,1023
E7L,,5483,2359,2143
E7M,,9673,4047,3835
E7N,,2897,1303,1129
E7P,,3708,1562,1412
E8A,,3839,1751,1528
E8B,,2616,1243,1083
E8C,,3995,1976,1798
E8E,,5422,2446,2197
E8G,,3193,1604,1417
E8J,,5777,2505,2322
E8K,,8625,3802,3458
E8L,,2539,1051,997
E8M,,2093,908,838
E8N,,2638,1491,1188
E8P,,3529,1528,1390
E8R,,3279,1453,1371
E8S,,5019,2287,1978
E8T,,6425,3167,2658
E9A,,2582,1134,1040
E9B,,2505,1034,977
E9C,,2396,1198,1050
E9E,,4525,1908,1701
E9G,,5441,2132,1982
E9H,,3194,1296,1202
G0A,,89695,43694,36201
G0C,,48372,22437,20376
G0E,,5629,2950,2453
G0G,,18042,8239,6894
G0H,,11663,5588,4577
G0J,,34318,17600,14424
G0K,,12060,6140,5017
G0L,,62721,31062,25875
G0M,,35464,15636,13813
G0N,,20172,10449,8365
G0P,,6482,2875,2521
G0R,,82926,39521,33954
G0S,,64237,27385,25158
G0T,,15551,7491,6454
G0V,,16271,8849,6408
G0W,,34756,16042,12879
G0X,,56274,28635,24006
G0Y,,9772,5763,4105
G0Z,,8384,3912,3464
G1A,,10,4,4
G1B,,15022,5446,5339
G1C,,35003,13955,13684
G1E,,24701,11992,11577
G1G,,22199,9649,9491
G1H,,28455,14558,14058
G1J,,22251,12423,11853
G1K,,18552,11542,10780
G1L,,23047,13409,12868
G1M,,18606,9250,8942
G1N,,8000,4733,4507
G1P,,16336,7703,7469
G1R,,17023,11489,10514
G1S,,24444,13773,12930
G1T,,6445,2630,2526
G1V,,18694,12123,10014
G1W,,19725,10099,9648
G1X,,24991,13022,12404
G1Y,,13427,5249,5166
G2A,,14032,5538,5409
G2B,,21356,9275,9103
G2C,,6826,2974,2931
G2E,,20905,8600,8492
G2G,,9942,4032,3949
G2J,,2889,1591,1545
G2K,,8259,3723,3673
G2L,,11417,4887,4770
G2M,,4066,1714,1669
G2N,,6624,2662,2611
G3A,,17660,6290,6131
G3E,,12441,4596,4545
G3G,,9301,3579,3486
G3H,,7553,3136,2954
G3J,,8637,3430,3347
G3K,,13988,5359,5249
G3L,,9350,5557,3993
G3M,,5528,2523,2394
G3Z,,7290,3323,3022
G4A,,3048,1361,1312
G4R,,20404,9230,8651
G4S,,5347,2191,2124
G4T,,13091,5838,5183
G4V,,6976,3153,2973
G4W,,12478,6082,5819
G4X,,14821,6418,5965
G4Z,,10341,4638,4398
G5A,,8992,4203,3742
G5B,,6212,2705,2585
G5C,,12343,5435,5279
G5H,,7109,3298,3135
G5J,,6262,2869,2692
G5L,,29832,14778,13922
G5M,,4753,1881,1840
G5N,,7666,3037,2902
G5R,,18569,8659,8213
G5T,,3199,1626,1326
G5V,,11388,5428,5043
G5X,,6180,2723,2575
G5Y,,24820,11473,10819
G5Z,,2711,1174,1137
G6A,,1473,592,571
G6B,,8395,4000,3699
G6C,,6477,2398,2353
G6E,,11588,4826,4680
G6G,,19821,9474,9015
G6H,,7345,3273,3107
G6J,,9780,3613,3519
G6K,,6971,2610,2581
G6L,,14792,6406,6160
G6P,,34975,15839,15289
G6R,,1244,466,459
G6S,,2070,866,857
G6T,,4915,1809,1771
G6V,,35297,16465,15702
G6W,,20402,9457,9065
G6X,,10361,4685,4550
G6Z,,18006,6509,6419
G7A,,18429,7016,6814
G7B,,18109,7908,7521
G7G,,16539,6633,6463
G7H,,29605,13723,13130
G7J,,14344,6449,6253
G7K,,619,276,271
G7N,,5338,2193,2109
G7P,,6320,2668,2465
G7S,,19247,7991,7833
G7T,,23,12,12
G7X,,26790,12979,12351
G7Y,,603,255,249
G7Z,,2879,1029,1008
G8A,,6023,2794,2728
G8B,,23212,10763,10251
G8C,,2863,1047,1037
G8E,,3889,1514,1427
G8G,,4105,1860,1618
G8H,,10682,4964,4569
G8J,,4114,1799,1626
G8K,,10444,4869,4398
G8L,,14585,6857,6386
G8M,,6049,2596,2435
G8N,,2393,1006,947
G8P,,7664,3446,3152
G8T,,29390,14234,13739
G8V,,8199,3056,3002
G8W,,8743,3691,3606
G8Y,,31211,14307,13787
G8Z,,13536,7786,6858
G9A,,21289,11927,11103
G9B,,12602,5090,4888
G9C,,1341,587,570
G9H,,10964,4796,4522
G9N,,18374,9697,9064
G9P,,11118,5087,4962
G9R,,1970,871,796
G9T,,16714,8274,7811
G9X,,11480,6312,5177
H1A,,32877,13964,13519
H1B,,20314,8993,8732
H1C,,11435,3555,3488
H1E,,43551,16541,16208
H1G,,49657,21925,21039
H1H,,34723,16339,15606
H1J,,10262,4981,4857
H1K,,31140,13611,13247
H1L,,33064,16092,15523
H1M,,28497,14787,14154
H1N,,21896,10955,10587
H1P,,17522,7492,7268
H1R,,28490,11865,11383
H1S,,22320,10194,9840
H1T,,29613,15616,15057
H1V,,19796,10607,10108
H1W,,28709,15652,14892
H1X,,29472,16229,15600
H1Y,,25966,14211,13651
H1Z,,35357,13828,13298
H2A,,18434,8477,8150
H2B,,17130,8756,8400
H2C,,17239,8521,8231
H2E,,24398,12007,11555
H2G,,21934,12162,11616
H2H,,13847,8004,7604
H2J,,25010,15363,14468
H2K,,27460,15876,15010
H2L,,22712,14079,12875
H2M,,17768,9079,8729
H2N,,6022,2600,2478
H2P,,14269,7651,7289
H2R,,21221,11573,11112
H2S,,25648,14231,13492
H2T,,16165,8594,8033
H2V,,29570,13769,12861
H2W,,11207,6783,6058
H2X,,20057,14360,11495
H2Y,,3211,2343,1855
H2Z,,1570,862,706
H3A,,2553,2051,1479
H3B,,56,21,16
H3C,,3923,2524,2142
H3E,,16207,8912,8172
H3G,,7093,5002,4065
H3H,,17067,12253,9938
H3J,,10422,4808,4565
H3K,,14009,7200,6709
H3L,,19759,9781,9339
H3M,,14835,6534,6287
H3N,,30289,12747,11946
H3P,,10054,3834,3677
H3R,,9452,3853,3657
H3S,,33965,15454,14512
H3T,,12780,7106,6377
H3V,,6571,4307,3946
H3W,,31161,13217,12269
H3X,,22733,10691,10059
H3Y,,9869,3598,3408
H3Z,,12111,6587,5959
H4A,,25350,12275,11393
H4B,,19830,10473,9879
H4C,,14812,7857,7360
H4E,,30402,15157,14532
H4G,,30154,15880,15070
H4H,,19699,9452,9094
H4J,,17844,7384,7048
H4K,,11274,4291,4181
H4L,,33395,14050,13360
H4M,,11361,4302,4108
H4N,,25127,11356,10535
H4P,,3916,1682,1607
H4R,,19426,8698,8141
H4S,,520,224,221
H4T,,10,3,3
H4V,,20853,9519,8980
H4W,,23732,10447,9822
H4X,,6498,2531,2436
H4Y,,111,45,45
H4Z,,5,1,1
H5A,,5,3,3
H5B,,5,1,1
H7A,,17017,5938,5800
H7B,,2539,866,853
H7C,,8595,3472,3373
H7E,,24121,9402,9184
H7G,,20171,9431,9116
H7H,,11485,4282,4201
H7J,,2263,858,833
H7K,,20061,7138,7013
H7L,,30928,11576,11388
H7M,,27222,10920,10726
H7N,,37672,18051,17468
H7P,,30059,11187,11000
H7R,,25211,9654,9424
H7S,,6994,3028,2954
H7T,,17137,6711,6447
H7V,,20483,10275,9659
H7W,,36226,14650,14252
H7X,,22703,7900,7744
H7Y,,7823,2807,2751
H8N,,27026,12222,11673
H8P,,22727,11128,10724
H8R,,29766,13535,12929
H8S,,22410,11048,10163
H8T,,14155,6607,6380
H8Y,,18459,7366,7064
H8Z,,13883,5380,5134
H9A,,15973,5317,5150
H9B,,20672,7373,7019
H9C,,11665,3950,3880
H9E,,2663,1049,1007
H9G,,15836,5616,5445
H9H,,23981,9189,8865
H9J,,21808,7404,7159
H9K,,7151,2394,2338
H9P,,3878,1541,1494
H9R,,22695,9218,8837
H9S,,21678,10025,9529
H9W,,19195,6750,6559
H9X,,10048,3940,3753
J0A,,19228,8604,7671
J0B,,65111,30999,26165
J0C,,21180,9157,8312
J0E,,45671,24720,18805
J0G,,19006,8957,7921
J0H,,49723,20507,19372
J0J,,39207,17553,15462
J0K,,130591,68369,54959
J0L,,63160,25333,24415
J0M,,19016,4875,4376
J0N,,39152,14961,14417
J0P,,35263,14658,13880
J0R,,29855,16412,12933
J0S,,33697,15680,13638
J0T,,44029,37216,20237
J0V,,24939,15642,10784
J0W,,17702,11595,7710
J0X,,44095,28743,18376
J0Y,,34607,15420,13474
J0Z,,34866,16223,14018
J1A,,9557,4114,3853
J1C,,3557,1395,1358
J1E,,20291,10680,9917
J1G,,19031,8434,8133
J1H,,28992,15658,14426
J1J,,14915,7147,6871
J1K,,7031,3818,3076
J1L,,12610,6587,6314
J1M,,5737,2816,2402
J1N,,24580,9854,9493
J1R,,5243,1961,1923
J1S,,7557,3331,3198
J1T,,7746,3822,3606
J1X,,27510,15220,12251
J1Z,,4783,1827,1748
J2A,,10572,4077,3932
J2B,,26077,12465,11817
J2C,,27262,13050,12449
J2E,,3897,1652,1606
J2G,,37369,17405,16767
J2H,,10046,3744,3671
J2J,,12111,5464,5318
J2K,,15254,6782,6358
J2L,,6069,3074,2557
J2M,,5764,2303,2131
J2N,,7802,3550,3337
J2R,,9901,3916,3851
J2S,,27469,13924,13073
J2T,,14284,6135,5941
J2W,,25262,9316,9118
J2X,,17390,7176,6936
J2Y,,5508,2054,2034
J3A,,8879,4917,4784
J3B,,30380,14300,13817
J3E,,28993,10471,10320
J3G,,27763,11061,10820
J3H,,22893,8936,8751
J3L,,39828,15399,15033
J3M,,7509,3188,2997
J3N,,15609,5817,5735
J3P,,25481,11971,11314
J3R,,13028,6245,6000
J3T,,7840,3368,3161
J3V,,24334,9377,9213
J3X,,20954,7713,7621
J3Y,,56048,21519,21095
J3Z,,3463,1073,1060
J4B,,39062,15179,14946
J4G,,10467,4618,4529
J4H,,15261,8345,8031
J4J,,30077,14611,14101
J4K,,25880,13125,12574
J4L,,31155,13739,13324
J4M,,11942,4472,4403
J4N,,5162,2324,2265
J4P,,10630,5376,5178
J4R,,10164,4969,4795
J4S,,6221,3168,3058
J4T,,17521,7690,7458
J4V,,16926,7282,7080
J4W,,17922,7120,6796
J4X,,17185,6192,6052
J4Y,,16534,6121,6030
J4Z,,19525,8104,7775
J5A,,23955,8463,8349
J5B,,7285,2773,2732
J5C,,16222,6175,6070
J5J,,10355,4143,3924
J5K,,10147,3974,3815
J5L,,15331,5865,5734
J5M,,14132,5708,5336
J5R,,37713,14875,14526
J5T,,12129,4554,4433
J5V,,7441,3522,3367
J5W,,20026,7800,7624
J5X,,7764,2959,2890
J5Y,,22443,8262,8043
J5Z,,25299,10058,9793
J6A,,34115,14387,14095
J6E,,39601,18238,17707
J6J,,22743,8899,8723
J6K,,20061,7700,7544
J6N,,11760,5184,5031
J6R,,10122,3732,3653
J6S,,22869,10262,9980
J6T,,16788,7765,7527
J6V,,8719,3085,2992
J6W,,31053,12862,12473
J6X,,22626,8197,8067
J6Y,,12871,4781,4598
J6Z,,17963,6600,6438
J7A,,14183,5005,4876
J7B,,11332,3575,3527
J7C,,33921,12362,12110
J7E,,29957,13770,13228
J7G,,17341,6703,6569
J7H,,5655,2012,1971
J7J,,15947,6241,5994
J7K,,23184,8671,8408
J7L,,10601,3728,3648
J7M,,19428,6938,6698
J7N,,18700,6929,6729
J7P,,22828,9474,9233
J7R,,36650,14564,14246
J7T,,22762,7933,7793
J7V,,58616,23498,22672
J7X,,3759,1507,1473
J7Y,,20278,9563,9196
J7Z,,28019,13250,12767
J8A,,7218,4323,3104
J8B,,10600,6370,4968
J8C,,9646,5724,4253
J8E,,8954,6731,3907
J8G,,7418,4619,3127
J8H,,12774,6397,5565
J8L,,16627,7222,6501
J8M,,11088,4290,4141
J8N,,10088,5986,3903
J8P,,31122,13146,12706
J8R,,25057,8936,8744
J8T,,39284,17761,17124
J8V,,21243,7819,7515
J8X,,11422,6388,5845
J8Y,,24584,12785,12036
J8Z,,15466,7545,7195
J9A,,17899,8103,7671
J9B,,6702,2820,2478
J9E,,8109,3911,3563
J9H,,26157,10665,10246
J9J,,15390,5317,5130
J9L,,13484,6512,5673
J9P,,25300,11822,11142
J9T,,13782,5979,5728
J9V,,3553,1648,1548
J9X,,27514,13754,12746
J9Y,,4377,1649,1561
J9Z,,7481,3575,3420
K0A,,92716,34596,32960
K0B,,21039,8755,8196
K0C,,51241,20596,19612
K0E,,38769,17879,15182
K0G,,34334,16716,13232
K0H,,43136,23952,16423
K0J,,33599,20279,13772
K0K,,105168,45693,40231
K0L,,69540,46810,28079
K0M,,48885,38261,20114
K1A,,44,19,18
K1B,,17607,6707,6525
K1C,,38849,13838,13553
K1E,,15820,5592,5522
K1G,,33829,14894,14191
K1H,,15645,7094,6741
K1J,,25833,10541,10033
K1K,,29724,14283,13193
K1L,,16326,9469,8558
K1M,,6737,3189,2915
K1N,,23668,15152,12335
K1P,,34,30,17
K1R,,18116,11021,9642
K1S,,27055,13632,11985
K1T,,25739,9564,9146
K1V,,48718,20030,18832
K1W,,5335,1642,1626
K1X,,789,324,307
K1Y,,18736,9428,8882
K1Z,,19665,10063,9359
K2A,,15335,6987,6727
K2B,,32794,15495,14574
K2C,,27349,12293,11435
K2E,,18392,7878,7463
K2G,,46922,16888,16290
K2H,,27438,10891,10476
K2J,,39650,13201,12938
K2K,,20787,7366,7149
K2L,,20644,7261,7154
K2M,,19177,6308,6209
K2P,,14618,10793,9738
K2R,,1316,420,408
K2S,,20965,6957,6856
K2T,,4168,1396,1382
K2V,,731,247,245
K2W,,4162,1311,1268
K4A,,35336,11805,11511
K4B,,4801,1658,1609
K4C,,4287,1517,1454
K4K,,12221,4586,4481
K4M,,8784,3168,3063
K4P,,7471,2475,2412
K4R,,6180,2077,2048
K6A,,13155,5920,5645
K6H,,29307,12955,12413
K6J,,17482,7860,7566
K6K,,2593,1019,992
K6T,,630,207,205
K6V,,28692,12918,12345
K7A,,16449,7037,6519
K7C,,15603,6589,5949
K7G,,8512,4047,3568
K7H,,14862,7712,6213
K7K,,30306,14538,13205
K7L,,19488,11217,8616
K7M,,46328,20344,19529
K7N,,6533,2502,2433
K7P,,16172,5963,5796
K7R,,13953,6068,5574
K7S,,11613,5089,4812
K7V,,13176,6117,5543
K8A,,25910,10985,10427
K8B,,423,136,134
K8H,,12572,5056,4569
K8N,,27102,11919,11484
K8P,,20897,9359,8980
K8R,,1509,543,542
K8V,,27035,11384,10805
K9A,,24294,9815,9468
K9H,,26141,12476,11560
K9J,,45021,19696,18241
K9K,,11544,4342,4207
K9L,,5610,2136,2066
K9V,,25644,11197,10366
L0A,,13783,4943,4790
L0B,,15662,5917,5464
L0C,,9146,3280,3131
L0E,,19877,8948,7443
L0G,,40875,13985,13660
L0H,,3634,1202,1166
L0J,,4236,1316,1287
L0K,,34562,21122,13543
L0L,,43655,19823,15586
L0M,,31683,12157,10869
L0N,,19167,7160,6636
L0P,,9837,3468,3326
L0R,,77913,27428,26578
L0S,,50300,21951,19183
L1A,,14952,6009,5769
L1B,,9971,3782,3686
L1C,,35148,12640,12229
L1E,,22939,7894,7596
L1G,,41791,18194,17370
L1H,,32035,13798,13182
L1J,,42745,17054,16300
L1K,,23890,7842,7668
L1L,,1311,651,473
L1M,,14859,5002,4880
L1N,,46372,17410,16982
L1P,,15285,4856,4756
L1R,,33598,10507,10271
L1S,,39021,14203,13807
L1T,,39185,11433,11176
L1V,,51211,17012,16517
L1W,,17002,6182,5985
L1X,,15944,4573,4482
L1Y,,2163,743,715
L1Z,,11968,3901,3635
L2A,,16703,7261,6732
L2E,,21694,9923,9360
L2G,,25742,11122,10585
L2H,,19027,6574,6417
L2J,,14783,5911,5783
L2M,,32866,14266,13778
L2N,,31373,13256,12944
L2P,,13338,5790,5479
L2R,,24733,12053,11039
L2S,,17920,6910,6576
L2T,,10744,5230,4627
L2V,,15764,6723,6137
L2W,,1914,608,599
L3B,,22371,9910,9473
L3C,,30341,12502,12081
L3K,,18850,8625,7933
L3M,,23556,8824,8623
L3P,,39676,13053,12593
L3R,,58921,17422,16685
L3S,,55229,13898,13347
L3T,,47327,17514,16810
L3V,,42152,18576,16714
L3X,,30776,9598,9402
L3Y,,47099,17458,16824
L3Z,,22378,7547,7383
L4A,,20780,7748,7407
L4B,,34351,10428,9960
L4C,,68546,24597,23691
L4E,,28692,9332,8830
L4G,,47625,16031,15657
L4H,,40896,11513,11355
L4J,,68897,21847,21173
L4K,,16256,4908,4804
L4L,,55311,16708,16299
L4M,,41072,16759,15984
L4N,,91116,32937,31939
L4P,,26718,9858,9298
L4R,,17846,7890,7510
L4S,,31130,8676,8523
L4T,,38170,11343,10860
L4V,,0,0,0
L4W,,22040,7511,7325
L4X,,19237,6828,6578
L4Y,,23585,8919,8685
L4Z,,33483,10472,10192
L5A,,46884,18316,17463
L5B,,49800,19668,17767
L5C,,30535,9998,9583
L5E,,12538,5266,5069
L5G,,19465,8644,8122
L5H,,17845,6515,6261
L5J,,28114,10171,9951
L5K,,14554,4718,4573
L5L,,46667,15204,14757
L5M,,80524,24292,23532
L5N,,84180,26825,26066
L5P,,5,1,1
L5R,,33773,10907,10445
L5S,,5,4,1
L5T,,26,5,4
L5V,,47852,12818,12503
L5W,,19245,5308,5153
L6A,,53324,14988,14634
L6B,,7783,3484,2496
L6C,,33780,9728,9511
L6E,,18589,5979,5652
L6G,,222,83,76
L6H,,54930,18494,17868
L6J,,25200,8679,8388
L6K,,12287,5719,5353
L6L,,26283,10469,10064
L6M,,46920,15470,14858
L6P,,33669,8369,7988
L6R,,56600,13882,13418
L6S,,52690,16588,16125
L6T,,36496,12864,12463
L6V,,40476,13930,13194
L6W,,20864,7587,7234
L6X,,41969,13116,12636
L6Y,,66797,20380,19475
L6Z,,32331,9423,9151
L7A,,51831,14636,14222
L7B,,7809,2615,2533
L7C,,15066,5119,4913
L7E,,33081,10597,10335
L7G,,40970,14077,13741
L7J,,13315,4836,4717
L7K,,7914,2843,2636
L7L,,42945,16357,15750
L7M,,35670,12747,12458
L7N,,12924,5458,5317
L7P,,27016,9762,9622
L7R,,16187,7824,7403
L7S,,11748,6026,5691
L7T,,14975,6148,5955
L8E,,35617,12992,12586
L8G,,22304,9036,8866
L8H,,26630,11481,10864
L8J,,20707,6591,6429
L8K,,32197,13952,13400
L8L,,32633,14104,12859
L8M,,14186,7006,6270
L8N,,14401,8092,7212
L8P,,22459,13455,12381
L8R,,10698,5284,4778
L8S,,14731,8404,6700
L8T,,19275,7796,7620
L8V,,21236,9406,9131
L8W,,25542,7963,7847
L9A,,23484,9569,9357
L9B,,19128,6407,6244
L9C,,39504,14321,13957
L9G,,21730,7539,7361
L9H,,31839,12148,11809
L9K,,8655,2598,2508
L9L,,14435,5543,5274
L9M,,14015,7321,5362
L9N,,8885,2925,2883
L9P,,15080,5501,5296
L9R,,14595,5825,5605
L9S,,23448,9562,8587
L9T,,49626,17409,17002
L9V,,684,187,185
L9W,,35749,12677,12327
L9Y,,20135,12230,8519
L9Z,,14933,9655,6200
M1B,,65129,19729,18893
M1C,,34668,10758,10483
M1E,,45446,17144,16300
M1G,,29476,10341,9883
M1H,,23244,8887,8434
M1J,,35354,12825,11890
M1K,,46913,18230,17318
M1L,,27997,10809,10357
M1M,,21463,8427,8100
M1N,,21305,9400,8907
M1P,,40946,15269,14347
M1R,,28316,11123,10500
M1S,,35746,11322,10956
M1T,,34213,12658,12156
M1V,,55250,15962,15589
M1W,,50572,16606,16253
M1X,,13425,3331,3278
M2H,,26345,9026,8731
M2J,,54391,19592,18970
M2K,,17079,7537,6967
M2L,,11917,4188,4028
M2M,,29965,11559,11068
M2N,,60164,28396,26290
M2P,,7601,3114,2894
M2R,,37931,15548,14645
M3A,,33627,13285,12635
M3B,,13253,5192,5023
M3C,,35954,14939,14265
M3H,,32859,13565,12718
M3J,,23668,9801,8705
M3K,,5658,2260,2077
M3L,,16051,6004,5556
M3M,,23112,9306,8695
M3N,,42203,14372,13440
M4A,,14176,6184,5911
M4B,,17866,7840,7265
M4C,,45585,20081,18910
M4E,,23728,11071,10384
M4G,,16452,7175,6848
M4H,,17437,6438,6153
M4J,,35164,15442,14629
M4K,,31747,14914,14257
M4L,,31448,14392,13529
M4M,,21817,8968,8447
M4N,,15044,6381,5999
M4P,,16800,10581,10111
M4R,,10822,5218,4892
M4S,,22417,12447,11901
M4T,,9908,5285,5008
M4V,,16608,9706,8989
M4W,,13992,7606,6952
M4X,,20105,10045,9505
M4Y,,21994,15434,14409
M5A,,34148,17588,16562
M5B,,9697,6202,5601
M5C,,2172,1328,1225
M5E,,3930,2607,2426
M5G,,4354,2795,2297
M5H,,487,390,300
M5J,,7601,5221,4579
M5K,,5,3,3
M5L,,5,4,4
M5M,,24364,9746,9312
M5N,,15956,6819,6491
M5P,,18167,9305,8598
M5R,,23865,14336,12942
M5S,,13220,7584,6438
M5T,,17289,8478,7732
M5V,,15763,10555,9403
M5W,,5,1,1
M5X,,5,2,2
M6A,,19203,7897,7491
M6B,,28769,11668,11015
M6C,,23792,10572,9987
M6E,,38967,15682,14535
M6G,,31977,14164,13149
M6H,,44160,18937,17391
M6J,,28744,13027,11859
M6K,,33175,16531,15368
M6L,,21042,7791,7441
M6M,,40848,15688,14679
M6N,,41628,16573,15593
M6P,,36914,18308,17115
M6R,,19077,8953,8274
M6S,,29387,12914,12350
M7A,,5,4,4
M7Y,,5,3,3
M8V,,31501,16726,15386
M8W,,19756,8755,8257
M8X,,9816,4244,3985
M8Y,,18515,8587,8161
M8Z,,13245,5536,5266
M9A,,31362,13107,12574
M9B,,28197,10859,10493
M9C,,35229,13677,13261
M9L,,12393,3953,3727
M9M,,19468,6608,6186
M9N,,23799,10551,9585
M9P,,20324,8168,7847
M9R,,32092,12180,11563
M9V,,55159,17145,15980
M9W,,39352,13116,12439
N0A,,28644,12546,10891
N0B,,71200,24600,23754
N0C,,15973,7843,6078
N0E,,33999,13822,12220
N0G,,82781,34175,30365
N0H,,45611,30298,18651
N0J,,30623,10702,10317
N0K,,24062,8754,8309
N0L,,47169,17441,16860
N0M,,64962,28678,24486
N0N,,40975,17074,15243
N0P,,56299,23503,21455
N0R,,43436,16935,15362
N1A,,12126,5157,4545
N1C,,3828,1186,1163
N1E,,32040,13344,12824
N1G,,26389,11522,9996
N1H,,43869,19289,18278
N1K,,8221,2432,2367
N1L,,7469,2580,2409
N1M,,14969,5969,5506
N1P,,5772,1766,1758
N1R,,40937,16233,15583
N1S,,19460,7467,7265
N1T,,14518,4251,4181
N2A,,23760,8954,8669
N2B,,17224,7163,6987
N2C,,13584,6207,5863
N2E,,34152,11969,11616
N2G,,13043,6836,6392
N2H,,20851,10500,9920
N2J,,17640,9175,8090
N2K,,25801,8922,8747
N2L,,27102,13853,11406
N2M,,33162,14449,13876
N2N,,24773,7768,7637
N2P,,16069,6017,5703
N2R,,3973,1334,1245
N2T,,19052,6292,6176
N2V,,13482,4481,4350
N2Z,,10171,4687,4205
N3A,,12455,4699,4552
N3B,,10551,3715,3584
N3C,,23546,8143,8010
N3E,,177,51,51
N3H,,21524,8698,8384
N3L,,13763,5219,5095
N3P,,9164,3149,3104
N3R,,34657,13905,13602
N3S,,23768,10350,9873
N3T,,27672,11364,10786
N3V,,1684,553,547
N3W,,13617,4723,4617
N3Y,,22013,9212,8794
N4B,,7506,3116,3038
N4G,,18333,7801,7617
N4K,,29097,12695,12144
N4L,,7647,3738,3199
N4N,,9186,3983,3811
N4S,,32886,13715,13245
N4T,,6957,2805,2632
N4V,,1647,598,584
N4W,,9943,3918,3729
N4X,,9271,3628,3487
N4Z,,2413,891,870
N5A,,30701,13391,12940
N5C,,13927,5439,5327
N5H,,14227,5057,4817
N5L,,3159,1642,1377
N5P,,18737,7639,7369
N5R,,25568,10525,10247
N5V,,32063,12729,11783
N5W,,23683,11120,10529
N5X,,24508,9638,9050
N5Y,,32382,15430,14056
N5Z,,25182,10872,10406
N6A,,10367,7756,5405
N6B,,10526,7062,5984
N6C,,32069,14860,14313
N6E,,28718,10242,9993
N6G,,31613,12999,11633
N6H,,33776,16701,15343
N6J,,27399,12450,11989
N6K,,30617,12173,11744
N6L,,342,128,117
N6M,,4100,1426,1400
N6N,,790,299,290
N6P,,6186,2218,2139
N7A,,11626,6011,4895
N7G,,17102,6497,6338
N7L,,26259,11824,11134
N7M,,25880,10945,10490
N7S,,27373,10639,10361
N7T,,26760,13388,12478
N7V,,12293,5708,5460
N7W,,1490,778,751
N7X,,1172,469,445
N8A,,14563,6194,5879
N8H,,26748,9743,9148
N8M,,10960,4313,4169
N8N,,24972,8997,8738
N8P,,9279,3525,3407
N8R,,12355,4148,4052
N8S,,22849,10675,10146
N8T,,18247,7839,7518
N8V,,39,16,16
N8W,,24813,9852,9573
N8X,,16121,7712,7062
N8Y,,19727,9719,8981
N9A,,26129,14122,12450
N9B,,16183,7638,6687
N9C,,12481,6150,5191
N9E,,20860,7576,7457
N9G,,17506,6143,6009
N9H,,9365,3202,3131
N9J,,17737,6148,6008
N9K,,2108,640,624
N9V,,20028,7654,7328
N9Y,,13961,5533,5209
P0A,,15737,15369,6864
P0B,,8962,8286,3541
P0C,,3997,6965,1696
P0E,,3062,4026,1235
P0G,,3365,5308,1450
P0H,,30081,16686,11966
P0J,,21490,9964,8857
P0K,,11633,6040,5010
P0L,,23150,10703,8877
P0M,,48408,23158,19305
P0N,,10158,4553,4032
P0P,,18615,11949,7663
P0R,,12462,8445,5241
P0S,,10171,6508,4099
P0T,,36296,19840,14079
P0V,,21913,8496,6807
P0W,,7136,3579,2639
P0X,,8058,6709,2891
P0Y,,29,43,14
P1A,,17287,7230,6937
P1B,,34718,16187,15140
P1C,,2622,849,820
P1H,,15235,8939,6134
P1L,,16186,9034,6419
P1P,,9356,6450,3763
P2A,,12171,8474,5036
P2B,,8903,3938,3732
P2N,,7615,4117,3510
P3A,,24961,10603,9932
P3B,,15028,7383,6881
P3C,,17072,9752,8696
P3E,,26922,12838,11790
P3G,,3724,1622,1385
P3L,,7556,2838,2746
P3N,,7411,2654,2614
P3P,,14422,5151,5025
P3Y,,6916,2689,2612
P4N,,27065,12128,11396
P4P,,2876,1048,1016
P4R,,3265,1107,1094
P5A,,11559,6065,5650
P5E,,5515,2465,2291
P5N,,8782,4243,3850
P6A,,36094,16372,14912
P6B,,23271,10797,10372
P6C,,19648,8382,8059
P7A,,27610,12585,11947
P7B,,27375,14382,12006
P7C,,26608,11792,10895
P7E,,21815,10362,9821
P7G,,8474,3043,2891
P7J,,3860,1362,1302
P7K,,4211,1579,1555
P8N,,11395,5106,4527
P8T,,4797,1919,1776
P9A,,10749,5239,4359
P9N,,14184,7146,5750
R0A,,33918,12200,11136
R0B,,40753,12170,10216
R0C,,50899,26545,19105
R0E,,41270,26779,15732
R0G,,40281,15091,14277
R0H,,15371,4868,4515
R0J,,26274,14287,10955
R0K,,26387,11781,10082
R0L,,28498,13402,11366
R0M,,19918,9036,7990
R1A,,19957,7644,7436
R1B,,81,53,43
R1N,,16541,6924,6431
R2C,,31157,11857,11723
R2E,,8750,2966,2923
R2G,,32939,14240,14061
R2H,,15329,7773,7496
R2J,,24789,9813,9651
R2K,,32498,13559,13330
R2L,,14458,6500,6241
R2M,,37302,16857,16546
R2N,,24493,8889,8780
R2P,,24697,8305,8151
R2R,,18231,5727,5581
R2V,,30423,12851,12590
R2W,,27743,11935,10996
R2X,,16144,6631,6363
R2Y,,19852,8560,8396
R3A,,4178,1816,1575
R3B,,11978,5900,5484
R3C,,17223,9986,9204
R3E,,18473,7529,7109
R3G,,24489,10855,10277
R3H,,109,39,36
R3J,,26938,12739,12359
R3K,,11985,5167,5071
R3L,,20242,11428,10968
R3M,,22068,10782,10419
R3N,,16405,7446,7147
R3P,,18052,6929,6734
R3R,,25790,9937,9815
R3S,,417,138,138
R3T,,43577,18131,17698
R3V,,5924,2190,2160
R3W,,4405,1571,1559
R3X,,10198,3384,3330
R3Y,,8890,2753,2713
R4A,,3241,1088,1065
R4H,,1861,437,433
R4J,,851,291,285
R4K,,995,258,254
R4L,,971,357,349
R5A,,2651,901,890
R5G,,16520,5914,5745
R5H,,5332,1866,1805
R6M,,8099,3240,3139
R6W,,14088,4571,4460
R7A,,25313,11285,10770
R7B,,19113,8243,8013
R7C,,1048,541,510
R7N,,9855,4734,4388
R8A,,6055,2958,2581
R8N,,13824,5430,4979
R9A,,8290,3647,3192
S0A,,53146,27904,22713
S0C,,20857,10570,8441
S0E,,33089,15854,13281
S0G,,61106,30587,24381
S0H,,22539,11773,9327
S0J,,47715,22867,15804
S0K,,71442,29950,26868
S0L,,30047,14060,12047
S0M,,45045,20628,15491
S0N,,22074,10125,8334
S0P,,6651,2212,1842
S2V,,601,383,249
S3N,,17380,7845,7437
S4A,,11204,4890,4644
S4H,,10263,4586,4349
S4L,,1614,508,504
S4N,,28641,12211,11651
S4P,,12191,8034,7131
S4R,,33653,14203,13664
S4S,,32692,14769,14152
S4T,,31316,14730,13700
S4V,,19935,7382,7227
S4W,,31,13,13
S4X,,19785,7093,7003
S4Y,,2565,772,767
S4Z,,409,146,141
S6H,,28756,13284,12358
S6J,,3693,1559,1466
S6K,,709,242,239
S6V,,39753,16155,15173
S6W,,5,2,2
S6X,,1068,348,343
S7H,,34676,16661,15727
S7J,,30945,12795,12400
S7K,,38213,17556,16636
S7L,,36753,14948,14257
S7M,,28793,12680,11550
S7N,,27765,12791,11722
S7P,,113,41,40
S7R,,96,35,32
S7S,,5519,1950,1891
S7T,,1693,606,586
S7V,,4963,2086,1992
S7W,,752,249,238
S9A,,14232,6267,5840
S9H,,16370,7519,7191
S9V,,10152,4020,3777
S9X,,7301,2765,2572
T0A,,53490,23224,19452
T0B,,59794,24669,22594
T0C,,58578,24824,21216
T0E,,41693,19920,15801
T0G,,41935,16367,14256
T0H,,78570,28724,26664
T0J,,48838,18307,17117
T0K,,51009,18473,16733
T0L,,51695,19267,17671
T0M,,63514,26319,23711
T0P,,2590,1088,904
T0V,,10,8,7
T1A,,26632,12674,11944
T1B,,25649,10083,9810
T1C,,7075,2886,2707
T1G,,10241,3785,3585
T1H,,23249,9835,9398
T1J,,14884,7076,6528
T1K,,39526,16966,15584
T1L,,6678,2834,2560
T1M,,7926,2830,2758
T1P,,13016,4946,4766
T1R,,15110,6062,5754
T1S,,20801,7178,6998
T1V,,13269,5337,5101
T1W,,12530,6833,4955
T1X,,9928,3344,3239
T1Y,,53924,17702,17124
T2A,,56156,20961,20108
T2B,,22863,9250,8860
T2C,,19350,7501,7237
T2E,,31982,16423,15408
T2G,,11574,6003,5627
T2H,,8317,3995,3852
T2J,,47793,18383,17979
T2K,,34712,15021,14480
T2L,,13052,5803,5563
T2M,,19140,9332,8611
T2N,,23015,11851,11054
T2P,,14069,8308,7561
T2R,,11458,7794,7365
T2S,,14775,8322,7867
T2T,,27189,15032,13845
T2V,,31644,14645,14218
T2W,,43117,16738,16378
T2X,,26790,8680,8550
T2Y,,45902,17105,16588
T2Z,,41822,15033,14641
T3A,,53901,19109,18693
T3B,,35620,14828,14287
T3C,,21631,11110,10460
T3E,,36794,17444,16694
T3G,,52875,19295,18696
T3H,,49821,18872,18014
T3J,,51464,15493,14887
T3K,,59375,21311,20435
T3L,,25290,8780,8601
T3M,,5771,2298,2091
T3N,,66,25,19
T3P,,3161,1158,1084
T3R,,6473,2091,1995
T3Z,,8766,2815,2685
T4A,,8048,2717,2641
T4B,,22988,8798,8167
T4C,,17983,6645,6357
T4E,,836,288,278
T4G,,11115,4116,4016
T4H,,9716,4084,3885
T4J,,10364,4048,3921
T4L,,15138,5635,5391
T4N,,35122,15671,15072
T4P,,24054,9474,9053
T4R,,27615,10216,9935
T4S,,15432,6623,5566
T4T,,13990,5401,5149
T4V,,17369,7596,7358
T4X,,9038,2887,2821
T5A,,32689,13161,12505
T5B,,15564,7677,7039
T5C,,16353,6502,6296
T5E,,29865,12136,11558
T5G,,12141,6261,5657
T5H,,25803,14766,13398
T5J,,3816,2596,2129
T5K,,21781,15391,14269
T5L,,16584,7114,6830
T5M,,14503,7860,7420
T5N,,14490,7468,7099
T5P,,19825,9536,9032
T5R,,24718,10334,10079
T5S,,2911,1227,1181
T5T,,54861,22273,21246
T5V,,164,65,61
T5W,,20780,8847,8479
T5X,,34907,12844,12386
T5Y,,27185,10422,9739
T5Z,,23073,7327,7143
T6A,,14893,6627,6351
T6B,,9062,4126,3839
T6C,,19024,9570,9094
T6E,,21866,12943,11942
T6G,,11925,6794,5928
T6H,,30498,13618,12856
T6J,,46569,18987,18495
T6K,,29163,10450,10198
T6L,,52336,18017,17540
T6M,,14396,4856,4650
T6N,,10,3,3
T6P,,1645,757,724
T6R,,26857,9329,9108
T6S,,37,14,12
T6T,,15152,4758,4563
T6V,,11571,4074,3762
T6W,,10620,4460,4067
T6X,,6367,2490,2357
T7A,,11836,4405,4275
T7E,,11883,4652,4452
T7N,,7508,3095,2918
T7P,,7654,3054,2925
T7S,,11437,4316,4119
T7V,,10453,4188,3932
T7X,,28649,10208,9848
T7Y,,6196,2133,2077
T7Z,,20368,7565,7311
T8A,,43580,15396,15153
T8B,,5562,1841,1791
T8C,,4124,1407,1380
T8E,,7868,2733,2661
T8G,,4784,1762,1659
T8H,,15961,5875,5747
T8L,,17354,6699,6503
T8N,,61518,22197,21810
T8R,,10614,3575,3446
T8S,,8162,3212,3053
T8V,,35429,14092,13609
T8W,,11399,3803,3714
T8X,,6931,2378,2304
T9A,,14920,6159,5915
T9C,,6749,3010,2847
T9E,,19559,7677,7460
T9G,,6297,2359,2316
T9H,,26775,11081,9705
T9J,,4592,1733,1597
T9K,,18654,7072,6181
T9M,,15155,5897,5307
T9N,,10027,4107,3731
T9S,,7231,3474,2825
T9V,,17473,6889,6596
T9W,,6972,2965,2695
T9X,,5828,2454,2282
V0A,,13335,7277,5505
V0B,,31464,18655,13694
V0C,,28027,11600,10223
V0E,,64993,34138,27498
V0G,,25704,12771,11200
V0H,,51389,24883,22220
V0J,,54769,23810,20540
V0K,,33382,17908,14242
V0L,,5480,2737,2053
V0M,,10419,5151,4196
V0N,,79627,46549,33507
V0P,,7310,4473,3168
V0R,,60717,29236,25400
V0S,,13947,6207,5582
V0T,,9179,4337,3674
V0V,,2248,864,735
V0W,,461,444,233
V0X,,20156,10341,8595
V1A,,7058,3649,3226
V1B,,18618,7700,6907
V1C,,23395,9939,9619
V1E,,17719,7563,7153
V1G,,14151,6116,5863
V1H,,7983,3551,3201
V1J,,22427,8986,8671
V1K,,9352,4074,3764
V1L,,15304,7354,6795
V1M,,28214,10207,9914
V1N,,11242,5000,4737
V1P,,5761,2069,2010
V1R,,9495,4801,4495
V1S,,9027,3585,3413
V1T,,30113,15078,13513
V1V,,16292,6786,6315
V1W,,28265,12225,11420
V1X,,30548,14514,12217
V1Y,,29934,15639,14509
V1Z,,12534,5262,4842
V2A,,35484,17176,16115
V2B,,35706,14862,14369
V2C,,21563,10438,9642
V2E,,13045,5048,4924
V2G,,18554,7869,7474
V2H,,5017,2132,1960
V2J,,21979,9849,8927
V2K,,20116,7977,7568
V2L,,9659,4804,4320
V2M,,23558,10549,9828
V2N,,29554,11495,10933
V2P,,33774,14581,14018
V2R,,37497,14890,14113
V2S,,44540,17974,17276
V2T,,50790,17593,16884
V2V,,31420,11791,11200
V2W,,13032,4496,4230
V2X,,44556,18156,17055
V2Y,,16401,6404,5935
V2Z,,14960,5940,5588
V3A,,39465,16788,16061
V3B,,45305,17548,16815
V3C,,35299,13061,12401
V3E,,29452,9406,9022
V3G,,19416,6685,6473
V3H,,30777,11935,11215
V3J,,37039,15202,14499
V3K,,27209,11114,10449
V3L,,22930,10775,10238
V3M,,35625,17899,16815
V3N,,33294,12592,11962
V3R,,49499,19165,17865
V3S,,89630,30657,29039
V3T,,27532,11680,10721
V3V,,42888,14011,12905
V3W,,81101,25927,24380
V3X,,18080,5702,5417
V3Y,,15875,6224,5892
V4A,,35508,15166,14644
V4B,,18754,10191,9525
V4C,,39425,13179,12458
V4E,,12196,3863,3744
V4G,,142,67,56
V4K,,23691,9105,8774
V4L,,7749,3566,3376
V4M,,14192,5628,5420
V4N,,40529,12846,12234
V4P,,10466,4173,4059
V4R,,11389,3857,3662
V4S,,5221,1964,1860
V4T,,21546,8961,8411
V4V,,11610,5429,4637
V4W,,18807,7152,6670
V4X,,9767,3249,3133
V4Z,,2608,962,865
V5A,,22341,8494,7873
V5B,,20843,8031,7622
V5C,,23523,9917,9357
V5E,,23291,9486,9037
V5G,,18489,7143,6754
V5H,,34297,16518,15445
V5J,,18081,6789,6192
V5K,,22345,8519,7940
V5L,,19128,10377,9766
V5M,,21907,7754,7356
V5N,,31290,13383,12525
V5P,,30157,10148,9566
V5R,,44460,16409,15242
V5S,,26584,9877,9511
V5T,,20859,12075,11142
V5V,,22568,8940,8159
V5W,,19254,7235,6694
V5X,,27515,8989,8337
V5Y,,11450,5205,4855
V5Z,,20044,10319,9593
V6A,,17168,10509,9422
V6B,,15184,10528,9247
V6C,,1791,1169,824
V6E,,23966,16693,15050
V6G,,25812,18190,16637
V6H,,16631,10009,9433
V6J,,20498,12186,11433
V6K,,25168,14425,13421
V6L,,10732,3948,3735
V6M,,16864,7229,6868
V6N,,14248,4969,4702
V6P,,30958,12738,12169
V6R,,18935,8896,8243
V6S,,8579,3235,3067
V6T,,11232,5889,4537
V6V,,10544,3409,3230
V6W,,1104,454,368
V6X,,23587,8743,8120
V6Y,,39116,16492,15513
V6Z,,15754,10509,8883
V7A,,24624,8345,8104
V7B,,769,298,287
V7C,,38058,13398,12901
V7E,,36659,13228,12894
V7G,,11495,4443,4228
V7H,,12294,4460,4349
V7J,,15108,5803,5573
V7K,,11995,4219,4088
V7L,,23210,11462,10764
V7M,,16990,9204,8681
V7N,,14465,5486,5271
V7P,,11150,5047,4788
V7R,,14720,5219,5019
V7S,,10564,4002,3690
V7T,,9080,4203,3868
V7V,,14903,7102,6629
V7W,,8514,3457,3143
V7X,,5,4,2
V7Y,,5,1,1
V8A,,17745,8663,7818
V8B,,2502,1157,967
V8C,,8992,4257,3628
V8G,,18587,7906,7192
V8J,,12945,6009,5113
V8K,,9663,5210,4330
V8L,,22660,10268,9666
V8M,,15275,6408,6150
V8N,,24490,9962,9360
V8P,,17313,9359,7569
V8R,,22994,11276,10711
V8S,,16860,8321,7834
V8T,,18500,9762,9248
V8V,,24398,15880,14623
V8W,,3465,2269,2051
V8X,,22633,10319,9874
V8Y,,9561,3975,3804
V8Z,,27590,11104,10699
V9A,,35403,18429,17494
V9B,,32949,13228,12595
V9C,,17466,6759,6416
V9E,,4924,1965,1863
V9G,,13496,5994,5614
V9H,,7263,2906,2761
V9J,,8392,3754,3262
V9K,,14516,7185,6528
V9L,,32214,13415,12996
V9M,,15460,6927,6630
V9N,,26428,12216,11593
V9P,,22605,10995,10307
V9R,,24395,11380,10630
V9S,,15533,7625,7264
V9T,,28096,11951,11583
V9V,,9936,3854,3750
V9W,,27643,12141,11519
V9X,,8962,3510,3370
V9Y,,25468,11694,10850
X0A,,15713,5086,4387
X0B,,5361,1579,1371
X0C,,8348,2359,2080
X0E,,21858,9274,7323
X0G,,614,233,186
X1A,,19044,7284,6732
Y0A,,1841,1049,772
Y0B,,6009,4316,2681
Y1A,,22522,9931,9162
